slug,attribute,attribute_type,area,dry,scale
aabach,undefined,land-cover,2025021,4967000,0.408
aare-limmatspitz,undefined,land-cover,2842782,7065000,0.402
aare-port,undefined,land-cover,1470180,7065000,0.208
aare-solothurn-lido-strand,undefined,land-cover,3154228,7065000,0.446
aare_bern_caveltin,undefined,land-cover,2543374,7065000,0.36
aare_bern_gerberm,undefined,land-cover,2859805,7065000,0.405
aare_bern_scheurerk,undefined,land-cover,1396150,7065000,0.198
aare_brugg_buchie,undefined,land-cover,2188255,7065000,0.31
aare_elfenau_cataldiv,undefined,land-cover,1145277,7062611,0.162
aare_kehrsatz_stolten,undefined,land-cover,3553748,7065000,0.503
aare_koniz_hoppej,undefined,land-cover,747254,7053413,0.106
aare_post,undefined,land-cover,1519168,7065000,0.215
aare_rupperswil_badert,undefined,land-cover,1952501,7043473,0.277
aare_solothurn_nguyena,undefined,land-cover,2980259,7065000,0.422
aare_suhrespitz_badert,undefined,land-cover,1948041,7065000,0.276
aarezufluss_bern_scheurerk,undefined,land-cover,1423578,7065000,0.201
airolo,undefined,land-cover,4758262,7037540,0.676
anarchy-beach,undefined,land-cover,17126,2548254,0.007
andermatt,undefined,land-cover,6866639,7065000,0.972
arabie,undefined,land-cover,70849,3435483,0.021
arve_carouge_battistellak,undefined,land-cover,1373921,7065000,0.194
ascona-traghetto-spiaggia,undefined,land-cover,577387,4642599,0.124
augustmutzenbergstrandweg,undefined,land-cover,627527,4117306,0.152
baby-plage-geneva,undefined,land-cover,593988,4674735,0.127
baby-plage-ii-geneve,undefined,land-cover,443122,4573041,0.097
bain-des-dames,undefined,land-cover,17119,3306956,0.005
baye-de-clarens,undefined,land-cover,98867,3239859,0.031
baye-de-montreux-d,undefined,land-cover,536430,3077448,0.174
baye-de-montreux-g,undefined,land-cover,531009,3060034,0.174
beich,undefined,land-cover,5324968,7065000,0.754
bern-fahrstrasse,undefined,land-cover,1481293,7065000,0.21
bern-tiergarten,undefined,land-cover,723132,7065000,0.102
bielersee_vinelz_fankhausers,undefined,land-cover,2691650,4762281,0.565
birs_basel_grunern,undefined,land-cover,743974,7065000,0.105
birs_basel_laderachs,undefined,land-cover,834474,7065000,0.118
birs_reinach_dinuccin,undefined,land-cover,164471,7065000,0.023
birskopfli-rusco,undefined,land-cover,661070,7065000,0.094
bodensee_altenrhein_caluoria,undefined,land-cover,2212156,4107846,0.539
bodensee_arbon_moslis,undefined,land-cover,596279,3031126,0.197
bodensee_horn_huberm,undefined,land-cover,617616,3754251,0.165
bodensee_steinach_dolder_a,undefined,land-cover,749115,4958241,0.151
bodensee_thal_schlachterj_1,undefined,land-cover,2249766,4168874,0.54
boiron,undefined,land-cover,1024260,2579071,0.397
brugg-be-buren-bsg-standort,undefined,land-cover,2457807,7065000,0.348
cabanes-des-diablerets,undefined,land-cover,6586639,7065000,0.932
camp-des-peches,undefined,land-cover,2612164,5417037,0.482
camping-gwatt-strand,undefined,land-cover,343715,4058830,0.085
canale-saleggi,undefined,land-cover,1112532,7065000,0.157
caprino,undefined,land-cover,1038006,3640479,0.285
charmey,undefined,land-cover,4180569,7065000,0.592
chriesbach_duebendorf_schneidera,undefined,land-cover,1336772,7065000,0.189
crans-montana,undefined,land-cover,5910573,7065000,0.837
cully-plage,undefined,land-cover,1047544,4389945,0.239
delta-park,undefined,land-cover,709092,3693717,0.192
emme_biberist_jennim,undefined,land-cover,2033803,7065000,0.288
emme_utzenstorf_gruttert,undefined,land-cover,3260219,7065000,0.461
erlach-camping-strand,undefined,land-cover,1394331,2816693,0.495
evole-plage,undefined,land-cover,288485,4422729,0.065
flibach-river-right-bank,undefined,land-cover,2182077,5252170,0.415
foce-del-cassarate,undefined,land-cover,115049,4134215,0.028
gals-reserve,undefined,land-cover,2146896,4566601,0.47
gasi-strand,undefined,land-cover,1839605,4817361,0.382
gerra-gambarogno,undefined,land-cover,513402,3729240,0.138
glatt_oerlikon_covosn,undefined,land-cover,1092146,7065000,0.155
goldach_goldach_schlachterj,undefined,land-cover,2679418,7017103,0.382
golene-gudo,undefined,land-cover,3871232,6994464,0.553
grand-clos,undefined,land-cover,833406,3596235,0.232
greifensee_fallanden_meistery,undefined,land-cover,2121587,4382892,0.484
greifensee_fallanden_simmenc,undefined,land-cover,2114630,4229862,0.5
greifensee_greifensee_simmenc,undefined,land-cover,1521344,3356108,0.453
greifensee_maur_simmenc,undefined,land-cover,3095320,4279180,0.723
greifensee_uster_fischerb_-2,undefined,land-cover,2081146,4010831,0.519
greifensee_uster_fischerb_1,undefined,land-cover,2150847,4077830,0.527
grendelbach_effretikon_dambonec,undefined,land-cover,2424893,7065000,0.343
grindelwald,undefined,land-cover,6834416,7065000,0.967
gummligrabbe,undefined,land-cover,3936838,6537160,0.602
hafeli,undefined,land-cover,1436068,4320370,0.332
hauterive-petite-plage,undefined,land-cover,664684,4959171,0.134
impromptu_cudrefin,undefined,land-cover,2458279,3847617,0.639
isole-di-brissago-porto,undefined,land-cover,273395,1072466,0.255
jardin-botanique,undefined,land-cover,17775,4090886,0.004
jona-river-rastplatz,undefined,land-cover,787362,2597834,0.303
jona_tann_nusslin,undefined,land-cover,2810102,7065000,0.398
katzensee_regensdorfzuerichaffoltern_stueberj,undefined,land-cover,4065929,6735057,0.604
kusnachter-dorfbach-tobelweg-1-4,undefined,land-cover,678691,5530113,0.123
la-berra,undefined,land-cover,3005288,7065000,0.425
la-morges,undefined,land-cover,268595,3446828,0.078
la-pecherie,undefined,land-cover,1911276,4117068,0.464
la-petite-plage,undefined,land-cover,886267,4395012,0.202
la-robella,undefined,land-cover,2869622,7065000,0.406
la-thiele_le-mujon_confluence,undefined,land-cover,2868907,7065000,0.406
la-tzoumaz,undefined,land-cover,2389710,7065000,0.338
lacleman_gland_kubela,undefined,land-cover,2196125,3728437,0.589
lacleman_gland_lecoanets,undefined,land-cover,2192745,3715489,0.59
lacleman_vidy_santie,undefined,land-cover,196770,4511057,0.044
langete_langenthal_geiserm,undefined,land-cover,1520151,7065000,0.215
lavey-la-source,undefined,land-cover,2316588,7065000,0.328
lavey-les-bains,undefined,land-cover,2806347,7065000,0.397
lavey-les-bains-2,undefined,land-cover,2849253,7065000,0.403
le-pierrier,undefined,land-cover,97170,3228561,0.03
le-port,undefined,land-cover,17115,3511620,0.005
les-crosets,undefined,land-cover,5892204,7065000,0.834
les-diablerets,undefined,land-cover,1484593,7065000,0.21
les-glariers,undefined,land-cover,1412110,7065000,0.2
les-paccots,undefined,land-cover,2386119,7065000,0.338
les-vieux-ronquoz,undefined,land-cover,957129,7065000,0.135
leuk-mattenstrasse,undefined,land-cover,2511629,7065000,0.356
lido,undefined,land-cover,115050,3989994,0.029
ligerz-strand,undefined,land-cover,1473059,4050404,0.364
limmat_dietikon_keiserp,undefined,land-cover,1894362,7065000,0.268
limmat_unterengstringen_oggierbuhrer,undefined,land-cover,2227751,7065000,0.315
limmat_zuerich_jansena,undefined,land-cover,908998,7065000,0.129
limmat_zuerich_suterdglauserp,undefined,land-cover,191662,7065000,0.027
limmat_zuerich_wagnerc,undefined,land-cover,1179994,7065000,0.167
limmat_zurich_mortensena_meiera,undefined,land-cover,893580,7065000,0.126
linth_mollis,undefined,land-cover,3799492,6336436,0.6
linth_route9brucke,undefined,land-cover,1535650,4464151,0.344
linthdammweg,undefined,land-cover,4088773,6544737,0.625
lorze_baar_blarere,undefined,land-cover,2101031,7065000,0.297
lugano-centro,undefined,land-cover,136071,5213574,0.026
luscherz-plage,undefined,land-cover,470336,3416622,0.138
luscherz-two,undefined,land-cover,519389,3710879,0.14
magadino-lido,undefined,land-cover,1582695,4429136,0.357
maladaire,undefined,land-cover,58370,4335870,0.013
mannewil,undefined,land-cover,3270906,6574672,0.498
mols-rocks,undefined,land-cover,1854644,4317819,0.43
monte-generoso,undefined,land-cover,4946188,7065000,0.7
morgins,undefined,land-cover,1614837,7060892,0.229
muhlehorn-dorf,undefined,land-cover,2004572,3825716,0.524
mullermatte,undefined,land-cover,745533,5691237,0.131
murg-bad,undefined,land-cover,1542293,3131226,0.493
murg_waengi_strickerr,undefined,land-cover,4973649,7065000,0.704
nendaz,undefined,land-cover,3349628,7044328,0.476
neuenburgersee_cudrefin_mattera,undefined,land-cover,2459693,3939448,0.624
nidau-strand,undefined,land-cover,788579,5439853,0.145
nouvelle-plage,undefined,land-cover,1332446,3456186,0.386
oben-am-see,undefined,land-cover,2452665,5308529,0.462
oberi-chlihochstetten,undefined,land-cover,4626817,6992408,0.662
ognonnaz-1,undefined,land-cover,700944,6053526,0.116
oyonne,undefined,land-cover,20235,4476280,0.005
pacha-mama-gerra,undefined,land-cover,445212,3358348,0.133
parc-des-pierrettes,undefined,land-cover,68285,3832559,0.018
pecos-plage,undefined,land-cover,2779133,4832639,0.575
pfaffner_rothrist_ischik,undefined,land-cover,2809750,7065000,0.398
pfafikon-bad,undefined,land-cover,1304088,3800429,0.343
pierrier-sud,undefined,land-cover,126864,3394123,0.037
plage-de-cheyres,undefined,land-cover,1512520,3653175,0.414
plage-de-dorigny,undefined,land-cover,196771,4436608,0.044
plage-de-serriere,undefined,land-cover,176337,4275025,0.041
plage-de-st-sulpice,undefined,land-cover,35696,3640047,0.01
pointe-dareuse,undefined,land-cover,1654450,2619336,0.632
pont-sous-terre,undefined,land-cover,1084381,7032838,0.154
preverenges,undefined,land-cover,431731,3889946,0.111
preverenges-le-sout,undefined,land-cover,151909,3127595,0.049
quai-maria-belgia,undefined,land-cover,18282,3102130,0.006
rastplatz-stampf,undefined,land-cover,703098,2316821,0.303
reuss,undefined,land-cover,3796459,6601567,0.575
reuss_hunenberg_eberhardy,undefined,land-cover,6408125,7065000,0.907
reuss_ottenbach_schoenenbergerl,undefined,land-cover,5866732,7065000,0.83
reuss_stkarli_linigersimhofy,undefined,land-cover,1861109,7009371,0.266
rhein-beach-tinguely,undefined,land-cover,926308,7065000,0.131
rhein_basel,undefined,land-cover,1708151,7065000,0.242
rhein_basel_hungerbuehlern,undefined,land-cover,994184,7065000,0.141
rhein_domatems_foppa_f,undefined,land-cover,2634675,7065000,0.373
rhein_eglisau_gomringerp,undefined,land-cover,3666394,7065000,0.519
rhein_hemishofen_stolll,undefined,land-cover,5081942,7065000,0.719
rivapiana,undefined,land-cover,17857,3951436,0.005
rocky-plage,undefined,land-cover,350776,4400495,0.08
rolle-plage,undefined,land-cover,277371,4077320,0.068
route-13,undefined,land-cover,1092483,7058161,0.155
ruisseau-de-la-croix-plage,undefined,land-cover,1402781,3520791,0.398
saint-sulpice,undefined,land-cover,91607,3334013,0.027
san-bernardino,undefined,land-cover,2583910,6777889,0.381
san-nazzaro-gambarogno,undefined,land-cover,235098,3804616,0.062
schmerikon-bahnhof-strand,undefined,land-cover,3173305,5632488,0.563
schusspark-strand,undefined,land-cover,331139,7065000,0.047
schutzenmatte,undefined,land-cover,2285390,7065000,0.323
seeflechsen,undefined,land-cover,2704560,5511029,0.491
seemuhlestrasse-strand,undefined,land-cover,1592575,4730030,0.337
seez,undefined,land-cover,1965797,5011621,0.392
seez_spennwiesenbrucke,undefined,land-cover,3477313,6541117,0.532
sempachersee_sempach_tampec,undefined,land-cover,3040359,4568035,0.666
sense_torishaus_g-cubes,undefined,land-cover,4337290,7065000,0.614
sentiero-giro-del-golf-spiaggia,undefined,land-cover,1469990,2643656,0.556
signalpain,undefined,land-cover,586585,4481126,0.131
sihl_adliswil_oggi_fort,undefined,land-cover,1187085,7065000,0.168
sihl_leimbach_kruegerm,undefined,land-cover,1386297,7065000,0.196
sihl_menzingen_kucharska_magdalena,undefined,land-cover,5788842,7065000,0.819
sihl_zuerich_eggerskoehlingera,undefined,land-cover,815890,7065000,0.115
sihl_zuerich_eichenbergerd,undefined,land-cover,1801406,7065000,0.255
sihl_zuerich_scherfs,undefined,land-cover,976026,6807587,0.143
sihl_zurich_himmelhebern,undefined,land-cover,1765190,7053838,0.25
sitter_gaiserwald_buehlerf,undefined,land-cover,2592384,7065000,0.367
sitter_stgallen_jennya,undefined,land-cover,2528423,6940928,0.364
sitter_stgallen_steinbrunnerf,undefined,land-cover,1732928,7065000,0.245
sorne_birse_wwfjura,undefined,land-cover,2888100,7065000,0.409
spackmatt,undefined,land-cover,2544819,7065000,0.36
spiaggia-parco-ciani,undefined,land-cover,115051,4211368,0.027
strandbeiz,undefined,land-cover,687745,2511663,0.274
strandboden-biel,undefined,land-cover,672279,5864928,0.115
sundbach-strand,undefined,land-cover,1210769,3947244,0.307
thun-strandbad,undefined,land-cover,16681,4343057,0.004
thunersee_spiez_meierd_1,undefined,land-cover,1548579,3166434,0.489
thur_schwarzenbach_meiliw,undefined,land-cover,3829817,7065000,0.542
tiger-duck-beach,undefined,land-cover,196771,4467799,0.044
tolochenaz,undefined,land-cover,1096378,3841125,0.285
toss_bauma_kurthe,undefined,land-cover,2851374,7065000,0.404
toss_kollbrunn_burgid,undefined,land-cover,2470628,7065000,0.35
toss_winterthur-2,undefined,land-cover,859063,7065000,0.122
tschilljus,undefined,land-cover,1189577,7019326,0.169
unterdsee_ermatingen_brunkem,undefined,land-cover,2749287,4677451,0.588
untertenzen,undefined,land-cover,2113947,3436553,0.615
urnaesch_urnaesch_meierr,undefined,land-cover,5137973,7065000,0.727
val-calanca,undefined,land-cover,2774602,7065000,0.393
verbier,undefined,land-cover,3619843,7065000,0.512
versoix,undefined,land-cover,525221,3730114,0.141
veveyse,undefined,land-cover,47043,3126368,0.015
veysonnaz,undefined,land-cover,3400559,7065000,0.481
via-brunari-spiaggia,undefined,land-cover,1160986,7065000,0.164
via-mirasole-spiaggia,undefined,land-cover,1034545,7065000,0.146
vidy,undefined,land-cover,17188,3683398,0.005
vidy-ruines,undefined,land-cover,87678,4022452,0.022
vierwaldstattersee_weggis_schoberls_1,undefined,land-cover,2585487,4060624,0.637
vierwaldstattersee_weggis_schoberls_2,undefined,land-cover,2503866,3967598,0.631
vierwaldstattersee_weggis_schoberls_3,undefined,land-cover,1585522,2926722,0.542
villa-barton,undefined,land-cover,19745,3423779,0.006
villars,undefined,land-cover,5580084,6986101,0.799
vira-gambarogno,undefined,land-cover,809582,3816571,0.212
vira-spiaggia-left-of-river,undefined,land-cover,818889,3922974,0.209
vorderrhein_disentis_schmidn,undefined,land-cover,2641710,7065000,0.374
walensee_walenstadt_wysse,undefined,land-cover,1771669,4896449,0.362
weissenau-neuhaus,undefined,land-cover,2533207,3707593,0.683
wycheley,undefined,land-cover,2564577,5425461,0.473
zuerichsee_maennedorf_vanderkaadene,undefined,land-cover,515778,3964841,0.13
zuerichsee_richterswil_benkoem_2,undefined,land-cover,818278,3364094,0.243
zuerichsee_staefa_hennm,undefined,land-cover,1924350,3683138,0.522
zuerichsee_waedenswil_colomboc_1,undefined,land-cover,1055047,3946246,0.267
zuerichsee_zurich_kullg,undefined,land-cover,16943,3750060,0.005
zugersee_immensee_guedesd,undefined,land-cover,828522,2934687,0.282
zugerseecholler_cham_blarerm,undefined,land-cover,1312265,3439487,0.382
zulg_steffisburg_schmassmanne,undefined,land-cover,1162480,7065000,0.165
zurcher-strand,undefined,land-cover,1037256,5861863,0.177
zurichsee-feldeggstr-banningersand,undefined,land-cover,508310,4885814,0.104
zurichsee_kusnachterhorn_thirkell-whitej,undefined,land-cover,123462,3238234,0.038
zurichsee_wollishofen_langendorfm,undefined,land-cover,742204,4266194,0.174
aare-limmatspitz,Siedl,land-cover,2434045,7065000,0.345
aare-limmatspitz,Wald,land-cover,1788173,7065000,0.253
aare-port,Siedl,land-cover,3265723,7065000,0.462
aare-port,Wald,land-cover,2329097,7065000,0.33
aare-solothurn-lido-strand,Siedl,land-cover,2051815,7065000,0.29
aare-solothurn-lido-strand,Wald,land-cover,1858957,7065000,0.263
aare_bern_caveltin,Siedl,land-cover,3362507,7065000,0.476
aare_bern_caveltin,Wald,land-cover,1159119,7065000,0.164
aare_bern_gerberm,Siedl,land-cover,3193975,7065000,0.452
aare_bern_gerberm,Wald,land-cover,1011220,7065000,0.143
aare_bern_scheurerk,Siedl,land-cover,4140928,7065000,0.586
aare_bern_scheurerk,Wald,land-cover,1527922,7065000,0.216
aare_brugg_buchie,Siedl,land-cover,3300011,7065000,0.467
aare_brugg_buchie,Wald,land-cover,1576734,7065000,0.223
aare_kehrsatz_stolten,Siedl,land-cover,2795580,7065000,0.396
aare_kehrsatz_stolten,Wald,land-cover,715672,7065000,0.101
aare_post,Siedl,land-cover,3197097,7065000,0.453
aare_post,Wald,land-cover,2348735,7065000,0.332
aare_solothurn_nguyena,Siedl,land-cover,2272630,7065000,0.322
aare_solothurn_nguyena,Wald,land-cover,1812111,7065000,0.256
aare_suhrespitz_badert,Siedl,land-cover,4185613,7065000,0.592
aare_suhrespitz_badert,Wald,land-cover,931346,7065000,0.132
aarezufluss_bern_scheurerk,Siedl,land-cover,4123439,7065000,0.584
aarezufluss_bern_scheurerk,Wald,land-cover,1517983,7065000,0.215
andermatt,Siedl,land-cover,13145,7065000,0.002
andermatt,Wald,land-cover,185216,7065000,0.026
arve_carouge_battistellak,Siedl,land-cover,5105284,7065000,0.723
arve_carouge_battistellak,Wald,land-cover,585795,7065000,0.083
beich,Siedl,land-cover,246675,7065000,0.035
beich,Wald,land-cover,1493357,7065000,0.211
bern-fahrstrasse,Siedl,land-cover,3338799,7065000,0.473
bern-fahrstrasse,Wald,land-cover,2244908,7065000,0.318
bern-tiergarten,Siedl,land-cover,5120632,7065000,0.725
bern-tiergarten,Wald,land-cover,1221236,7065000,0.173
birs_basel_grunern,Siedl,land-cover,5790919,7065000,0.82
birs_basel_grunern,Wald,land-cover,530107,7065000,0.075
birs_basel_laderachs,Siedl,land-cover,5533568,7065000,0.783
birs_basel_laderachs,Wald,land-cover,696958,7065000,0.099
birs_reinach_dinuccin,Siedl,land-cover,5408373,7065000,0.766
birs_reinach_dinuccin,Wald,land-cover,1492156,7065000,0.211
birskopfli-rusco,Siedl,land-cover,6400846,7065000,0.906
birskopfli-rusco,Wald,land-cover,3084,7065000,0.0
brugg-be-buren-bsg-standort,Siedl,land-cover,2903491,7065000,0.411
brugg-be-buren-bsg-standort,Wald,land-cover,1703702,7065000,0.241
cabanes-des-diablerets,Wald,land-cover,478361,7065000,0.068
canale-saleggi,Reben,land-cover,74905,7065000,0.011
canale-saleggi,Siedl,land-cover,3482402,7065000,0.493
canale-saleggi,Wald,land-cover,2395161,7065000,0.339
charmey,Siedl,land-cover,425317,7065000,0.06
charmey,Wald,land-cover,2459114,7065000,0.348
chriesbach_duebendorf_schneidera,Siedl,land-cover,5547685,7065000,0.785
chriesbach_duebendorf_schneidera,Wald,land-cover,180543,7065000,0.026
crans-montana,Wald,land-cover,1154427,7065000,0.163
emme_biberist_jennim,Obstanlage,land-cover,28882,7065000,0.004
emme_biberist_jennim,Siedl,land-cover,3241411,7065000,0.459
emme_biberist_jennim,Wald,land-cover,1760904,7065000,0.249
emme_utzenstorf_gruttert,Siedl,land-cover,2289470,7065000,0.324
emme_utzenstorf_gruttert,Wald,land-cover,1515311,7065000,0.214
glatt_oerlikon_covosn,Siedl,land-cover,5900051,7065000,0.835
glatt_oerlikon_covosn,Wald,land-cover,72803,7065000,0.01
grendelbach_effretikon_dambonec,Siedl,land-cover,2754538,7065000,0.39
grendelbach_effretikon_dambonec,Wald,land-cover,1885569,7065000,0.267
grindelwald,Wald,land-cover,230584,7065000,0.033
jona_tann_nusslin,Obstanlage,land-cover,268248,7065000,0.038
jona_tann_nusslin,Siedl,land-cover,3159184,7065000,0.447
jona_tann_nusslin,Wald,land-cover,827466,7065000,0.117
la-berra,Wald,land-cover,4059712,7065000,0.575
la-robella,Siedl,land-cover,409062,7065000,0.058
la-robella,Wald,land-cover,3786316,7065000,0.536
la-thiele_le-mujon_confluence,Siedl,land-cover,4196093,7065000,0.594
la-tzoumaz,Siedl,land-cover,1607499,7065000,0.228
la-tzoumaz,Wald,land-cover,3067791,7065000,0.434
langete_langenthal_geiserm,Siedl,land-cover,4193592,7065000,0.594
langete_langenthal_geiserm,Wald,land-cover,1351257,7065000,0.191
lavey-la-source,Siedl,land-cover,1279845,7065000,0.181
lavey-la-source,Wald,land-cover,3468567,7065000,0.491
lavey-les-bains,Siedl,land-cover,2133872,7065000,0.302
lavey-les-bains,Wald,land-cover,2124781,7065000,0.301
lavey-les-bains-2,Siedl,land-cover,2414499,7065000,0.342
lavey-les-bains-2,Wald,land-cover,1801248,7065000,0.255
les-crosets,Siedl,land-cover,388919,7065000,0.055
les-crosets,Wald,land-cover,783877,7065000,0.111
les-diablerets,Siedl,land-cover,2415710,7065000,0.342
les-diablerets,Wald,land-cover,3164697,7065000,0.448
les-glariers,Obstanlage,land-cover,1584267,7065000,0.224
les-glariers,Reben,land-cover,2599213,7065000,0.368
les-glariers,Siedl,land-cover,977704,7065000,0.138
les-glariers,Wald,land-cover,491706,7065000,0.07
les-paccots,Siedl,land-cover,848806,7065000,0.12
les-paccots,Wald,land-cover,3830075,7065000,0.542
les-vieux-ronquoz,Obstanlage,land-cover,674771,7065000,0.096
les-vieux-ronquoz,Reben,land-cover,93406,7065000,0.013
les-vieux-ronquoz,Siedl,land-cover,4376684,7065000,0.619
les-vieux-ronquoz,Wald,land-cover,963010,7065000,0.136
leuk-mattenstrasse,Reben,land-cover,776261,7065000,0.11
leuk-mattenstrasse,Siedl,land-cover,1020569,7065000,0.144
leuk-mattenstrasse,Wald,land-cover,2756541,7065000,0.39
limmat_dietikon_keiserp,Reben,land-cover,8362,7065000,0.001
limmat_dietikon_keiserp,Siedl,land-cover,4447914,7065000,0.63
limmat_dietikon_keiserp,Wald,land-cover,714362,7065000,0.101
limmat_unterengstringen_oggierbuhrer,Reben,land-cover,141072,7065000,0.02
limmat_unterengstringen_oggierbuhrer,Siedl,land-cover,4117418,7065000,0.583
limmat_unterengstringen_oggierbuhrer,Wald,land-cover,578759,7065000,0.082
limmat_zuerich_jansena,Obstanlage,land-cover,81820,7065000,0.012
limmat_zuerich_jansena,Siedl,land-cover,5865518,7065000,0.83
limmat_zuerich_jansena,Wald,land-cover,208664,7065000,0.03
limmat_zuerich_suterdglauserp,Siedl,land-cover,5987368,7065000,0.847
limmat_zuerich_suterdglauserp,Wald,land-cover,885970,7065000,0.125
limmat_zuerich_wagnerc,Obstanlage,land-cover,81820,7065000,0.012
limmat_zuerich_wagnerc,Siedl,land-cover,5301667,7065000,0.75
limmat_zuerich_wagnerc,Wald,land-cover,501519,7065000,0.071
limmat_zurich_mortensena_meiera,Obstanlage,land-cover,81820,7065000,0.012
limmat_zurich_mortensena_meiera,Siedl,land-cover,5830675,7065000,0.825
limmat_zurich_mortensena_meiera,Wald,land-cover,258925,7065000,0.037
lorze_baar_blarere,Obstanlage,land-cover,450636,7065000,0.064
lorze_baar_blarere,Siedl,land-cover,2326684,7065000,0.329
lorze_baar_blarere,Wald,land-cover,2186649,7065000,0.31
monte-generoso,Wald,land-cover,2118812,7065000,0.3
murg_waengi_strickerr,Siedl,land-cover,1993248,7065000,0.282
murg_waengi_strickerr,Wald,land-cover,98103,7065000,0.014
pfaffner_rothrist_ischik,Siedl,land-cover,2612381,7065000,0.37
pfaffner_rothrist_ischik,Wald,land-cover,1642869,7065000,0.233
reuss_hunenberg_eberhardy,Siedl,land-cover,538569,7065000,0.076
reuss_hunenberg_eberhardy,Wald,land-cover,118306,7065000,0.017
reuss_ottenbach_schoenenbergerl,Siedl,land-cover,1198268,7065000,0.17
rhein-beach-tinguely,Siedl,land-cover,6138692,7065000,0.869
rhein_basel,Siedl,land-cover,5356849,7065000,0.758
rhein_basel_hungerbuehlern,Siedl,land-cover,6070816,7065000,0.859
rhein_domatems_foppa_f,Siedl,land-cover,1744500,7065000,0.247
rhein_domatems_foppa_f,Wald,land-cover,2685825,7065000,0.38
rhein_eglisau_gomringerp,Reben,land-cover,166037,7065000,0.024
rhein_eglisau_gomringerp,Siedl,land-cover,1642505,7065000,0.232
rhein_eglisau_gomringerp,Wald,land-cover,1590064,7065000,0.225
rhein_hemishofen_stolll,Reben,land-cover,126222,7065000,0.018
rhein_hemishofen_stolll,Siedl,land-cover,472527,7065000,0.067
rhein_hemishofen_stolll,Wald,land-cover,1384309,7065000,0.196
schusspark-strand,Siedl,land-cover,5493180,7065000,0.778
schusspark-strand,Wald,land-cover,1240681,7065000,0.176
schutzenmatte,Siedl,land-cover,2841413,7065000,0.402
schutzenmatte,Wald,land-cover,1938197,7065000,0.274
sense_torishaus_g-cubes,Siedl,land-cover,855326,7065000,0.121
sense_torishaus_g-cubes,Wald,land-cover,1872384,7065000,0.265
sihl_adliswil_oggi_fort,Siedl,land-cover,4804085,7065000,0.68
sihl_adliswil_oggi_fort,Wald,land-cover,1073830,7065000,0.152
sihl_leimbach_kruegerm,Siedl,land-cover,3885681,7065000,0.55
sihl_leimbach_kruegerm,Wald,land-cover,1793022,7065000,0.254
sihl_menzingen_kucharska_magdalena,Obstanlage,land-cover,263869,7065000,0.037
sihl_menzingen_kucharska_magdalena,Siedl,land-cover,32187,7065000,0.005
sihl_menzingen_kucharska_magdalena,Wald,land-cover,980102,7065000,0.139
sihl_zuerich_eggerskoehlingera,Siedl,land-cover,6231328,7065000,0.882
sihl_zuerich_eggerskoehlingera,Wald,land-cover,17782,7065000,0.003
sihl_zuerich_eichenbergerd,Siedl,land-cover,2629755,7065000,0.372
sihl_zuerich_eichenbergerd,Wald,land-cover,2633839,7065000,0.373
sitter_gaiserwald_buehlerf,Obstanlage,land-cover,459067,7065000,0.065
sitter_gaiserwald_buehlerf,Siedl,land-cover,2554052,7065000,0.362
sitter_gaiserwald_buehlerf,Wald,land-cover,1459497,7065000,0.207
sitter_stgallen_steinbrunnerf,Obstanlage,land-cover,5819,7065000,0.001
sitter_stgallen_steinbrunnerf,Siedl,land-cover,2858593,7065000,0.405
sitter_stgallen_steinbrunnerf,Wald,land-cover,2467660,7065000,0.349
sorne_birse_wwfjura,Siedl,land-cover,3043939,7065000,0.431
sorne_birse_wwfjura,Wald,land-cover,1132961,7065000,0.16
spackmatt,Siedl,land-cover,2788452,7065000,0.395
spackmatt,Wald,land-cover,1731729,7065000,0.245
thur_schwarzenbach_meiliw,Obstanlage,land-cover,78111,7065000,0.011
thur_schwarzenbach_meiliw,Siedl,land-cover,2458953,7065000,0.348
thur_schwarzenbach_meiliw,Wald,land-cover,698119,7065000,0.099
toss_bauma_kurthe,Siedl,land-cover,1475397,7065000,0.209
toss_bauma_kurthe,Wald,land-cover,2738229,7065000,0.388
toss_kollbrunn_burgid,Siedl,land-cover,1449026,7065000,0.205
toss_kollbrunn_burgid,Wald,land-cover,3145346,7065000,0.445
toss_winterthur-2,Siedl,land-cover,2275088,7065000,0.322
toss_winterthur-2,Wald,land-cover,3930849,7065000,0.556
urnaesch_urnaesch_meierr,Siedl,land-cover,522124,7065000,0.074
urnaesch_urnaesch_meierr,Wald,land-cover,1404903,7065000,0.199
val-calanca,Siedl,land-cover,355407,7065000,0.05
val-calanca,Wald,land-cover,3934991,7065000,0.557
verbier,Siedl,land-cover,2780093,7065000,0.394
verbier,Wald,land-cover,665064,7065000,0.094
veysonnaz,Siedl,land-cover,158263,7065000,0.022
veysonnaz,Wald,land-cover,3506178,7065000,0.496
via-brunari-spiaggia,Reben,land-cover,62301,7065000,0.009
via-brunari-spiaggia,Siedl,land-cover,3253340,7065000,0.46
via-brunari-spiaggia,Wald,land-cover,2588373,7065000,0.366
via-mirasole-spiaggia,Reben,land-cover,74905,7065000,0.011
via-mirasole-spiaggia,Siedl,land-cover,3633600,7065000,0.514
via-mirasole-spiaggia,Wald,land-cover,2321950,7065000,0.329
vorderrhein_disentis_schmidn,Siedl,land-cover,1193650,7065000,0.169
vorderrhein_disentis_schmidn,Wald,land-cover,3229640,7065000,0.457
zulg_steffisburg_schmassmanne,Siedl,land-cover,5492547,7065000,0.777
zulg_steffisburg_schmassmanne,Wald,land-cover,409973,7065000,0.058
aabach,Siedl,land-cover,1104301,4967000,0.222
aabach,Wald,land-cover,1837678,4967000,0.37
aare_elfenau_cataldiv,Siedl,land-cover,4463732,7062611,0.632
aare_elfenau_cataldiv,Wald,land-cover,1453602,7062611,0.206
aare_koniz_hoppej,Siedl,land-cover,5235218,7053413,0.742
aare_koniz_hoppej,Wald,land-cover,1070941,7053413,0.152
aare_rupperswil_badert,Reben,land-cover,20447,7043473,0.003
aare_rupperswil_badert,Siedl,land-cover,863150,7043473,0.123
aare_rupperswil_badert,Wald,land-cover,4207375,7043473,0.597
airolo,Siedl,land-cover,192721,7037540,0.027
airolo,Wald,land-cover,2086557,7037540,0.296
anarchy-beach,Siedl,land-cover,2531128,2548254,0.993
arabie,Reben,land-cover,237744,3435483,0.069
arabie,Siedl,land-cover,3126890,3435483,0.91
ascona-traghetto-spiaggia,Siedl,land-cover,3242335,4642599,0.698
ascona-traghetto-spiaggia,Wald,land-cover,822877,4642599,0.177
augustmutzenbergstrandweg,Reben,land-cover,63344,4117306,0.015
augustmutzenbergstrandweg,Siedl,land-cover,2798452,4117306,0.68
augustmutzenbergstrandweg,Wald,land-cover,627983,4117306,0.153
baby-plage-geneva,Siedl,land-cover,4080747,4674735,0.873
baby-plage-ii-geneve,Siedl,land-cover,4129919,4573041,0.903
bain-des-dames,Reben,land-cover,2154,3306956,0.001
bain-des-dames,Siedl,land-cover,3287683,3306956,0.994
baye-de-clarens,Reben,land-cover,133175,3239859,0.041
baye-de-clarens,Siedl,land-cover,3007817,3239859,0.928
baye-de-montreux-d,Siedl,land-cover,2178720,3077448,0.708
baye-de-montreux-d,Wald,land-cover,362298,3077448,0.118
baye-de-montreux-g,Siedl,land-cover,2167849,3060034,0.708
baye-de-montreux-g,Wald,land-cover,361176,3060034,0.118
bielersee_vinelz_fankhausers,Reben,land-cover,96120,4762281,0.02
bielersee_vinelz_fankhausers,Siedl,land-cover,1470153,4762281,0.309
bielersee_vinelz_fankhausers,Wald,land-cover,504358,4762281,0.106
bodensee_altenrhein_caluoria,Obstanlage,land-cover,92212,4107846,0.022
bodensee_altenrhein_caluoria,Siedl,land-cover,1722309,4107846,0.419
bodensee_altenrhein_caluoria,Wald,land-cover,81169,4107846,0.02
bodensee_arbon_moslis,Siedl,land-cover,2434847,3031126,0.803
bodensee_horn_huberm,Obstanlage,land-cover,767385,3754251,0.204
bodensee_horn_huberm,Siedl,land-cover,2344388,3754251,0.624
bodensee_horn_huberm,Wald,land-cover,24862,3754251,0.007
bodensee_steinach_dolder_a,Obstanlage,land-cover,482081,4958241,0.097
bodensee_steinach_dolder_a,Siedl,land-cover,3727045,4958241,0.752
bodensee_thal_schlachterj_1,Obstanlage,land-cover,87479,4168874,0.021
bodensee_thal_schlachterj_1,Siedl,land-cover,1727855,4168874,0.414
bodensee_thal_schlachterj_1,Wald,land-cover,103774,4168874,0.025
boiron,Obstanlage,land-cover,292166,2579071,0.113
boiron,Reben,land-cover,221266,2579071,0.086
boiron,Siedl,land-cover,927595,2579071,0.36
boiron,Wald,land-cover,113784,2579071,0.044
camp-des-peches,Reben,land-cover,501720,5417037,0.093
camp-des-peches,Siedl,land-cover,1730518,5417037,0.319
camp-des-peches,Wald,land-cover,572635,5417037,0.106
camping-gwatt-strand,Siedl,land-cover,3203729,4058830,0.789
camping-gwatt-strand,Wald,land-cover,511386,4058830,0.126
caprino,Siedl,land-cover,85259,3640479,0.023
caprino,Wald,land-cover,2517214,3640479,0.691
cully-plage,Obstanlage,land-cover,45259,4389945,0.01
cully-plage,Reben,land-cover,2104254,4389945,0.479
cully-plage,Siedl,land-cover,888879,4389945,0.202
cully-plage,Wald,land-cover,304009,4389945,0.069
delta-park,Siedl,land-cover,2174243,3693717,0.589
delta-park,Wald,land-cover,810382,3693717,0.219
erlach-camping-strand,Reben,land-cover,97841,2816693,0.035
erlach-camping-strand,Siedl,land-cover,784719,2816693,0.279
erlach-camping-strand,Wald,land-cover,539802,2816693,0.192
evole-plage,Siedl,land-cover,3459508,4422729,0.782
evole-plage,Wald,land-cover,674736,4422729,0.153
flibach-river-right-bank,Siedl,land-cover,1052514,5252170,0.2
flibach-river-right-bank,Wald,land-cover,2017579,5252170,0.384
foce-del-cassarate,Siedl,land-cover,4019114,4134215,0.972
foce-del-cassarate,Wald,land-cover,52,4134215,0.0
gals-reserve,Reben,land-cover,112488,4566601,0.025
gals-reserve,Siedl,land-cover,982889,4566601,0.215
gals-reserve,Wald,land-cover,1324328,4566601,0.29
gasi-strand,Siedl,land-cover,1025955,4817361,0.213
gasi-strand,Wald,land-cover,1951801,4817361,0.405
gerra-gambarogno,Siedl,land-cover,729785,3729240,0.196
gerra-gambarogno,Wald,land-cover,2486053,3729240,0.667
goldach_goldach_schlachterj,Obstanlage,land-cover,520100,7017103,0.074
goldach_goldach_schlachterj,Siedl,land-cover,2876508,7017103,0.41
goldach_goldach_schlachterj,Wald,land-cover,941077,7017103,0.134
golene-gudo,Reben,land-cover,395558,6994464,0.057
golene-gudo,Siedl,land-cover,626151,6994464,0.09
golene-gudo,Wald,land-cover,2101523,6994464,0.3
grand-clos,Siedl,land-cover,959895,3596235,0.267
grand-clos,Wald,land-cover,1802934,3596235,0.501
greifensee_fallanden_meistery,Siedl,land-cover,1010007,4382892,0.23
greifensee_fallanden_meistery,Wald,land-cover,1251298,4382892,0.285
greifensee_fallanden_simmenc,Siedl,land-cover,881003,4229862,0.208
greifensee_fallanden_simmenc,Wald,land-cover,1234229,4229862,0.292
greifensee_greifensee_simmenc,Siedl,land-cover,1687225,3356108,0.503
greifensee_greifensee_simmenc,Wald,land-cover,147539,3356108,0.044
greifensee_maur_simmenc,Obstanlage,land-cover,80245,4279180,0.019
greifensee_maur_simmenc,Siedl,land-cover,343188,4279180,0.08
greifensee_maur_simmenc,Wald,land-cover,760427,4279180,0.178
greifensee_uster_fischerb_-2,Obstanlage,land-cover,4003,4010831,0.001
greifensee_uster_fischerb_-2,Siedl,land-cover,1458283,4010831,0.364
greifensee_uster_fischerb_-2,Wald,land-cover,467399,4010831,0.117
greifensee_uster_fischerb_1,Siedl,land-cover,1459584,4077830,0.358
greifensee_uster_fischerb_1,Wald,land-cover,467399,4077830,0.115
gummligrabbe,Siedl,land-cover,295141,6537160,0.045
gummligrabbe,Wald,land-cover,2305181,6537160,0.353
hafeli,Siedl,land-cover,1771487,4320370,0.41
hafeli,Wald,land-cover,1112815,4320370,0.258
hauterive-petite-plage,Reben,land-cover,74157,4959171,0.015
hauterive-petite-plage,Siedl,land-cover,3287710,4959171,0.663
hauterive-petite-plage,Wald,land-cover,932620,4959171,0.188
impromptu_cudrefin,Siedl,land-cover,937398,3847617,0.244
impromptu_cudrefin,Wald,land-cover,451940,3847617,0.117
isole-di-brissago-porto,Siedl,land-cover,520937,1072466,0.486
isole-di-brissago-porto,Wald,land-cover,278134,1072466,0.259
jardin-botanique,Siedl,land-cover,4073111,4090886,0.996
jona-river-rastplatz,Obstanlage,land-cover,109699,2597834,0.042
jona-river-rastplatz,Siedl,land-cover,1700773,2597834,0.655
katzensee_regensdorfzuerichaffoltern_stueberj,Siedl,land-cover,1427347,6735057,0.212
katzensee_regensdorfzuerichaffoltern_stueberj,Wald,land-cover,1241781,6735057,0.184
kusnachter-dorfbach-tobelweg-1-4,Siedl,land-cover,3916079,5530113,0.708
kusnachter-dorfbach-tobelweg-1-4,Wald,land-cover,935343,5530113,0.169
la-morges,Obstanlage,land-cover,46484,3446828,0.013
la-morges,Reben,land-cover,18132,3446828,0.005
la-morges,Siedl,land-cover,3113617,3446828,0.903
la-pecherie,Obstanlage,land-cover,705818,4117068,0.171
la-pecherie,Reben,land-cover,666383,4117068,0.162
la-pecherie,Siedl,land-cover,436762,4117068,0.106
la-pecherie,Wald,land-cover,396829,4117068,0.096
la-petite-plage,Obstanlage,land-cover,41040,4395012,0.009
la-petite-plage,Siedl,land-cover,2933810,4395012,0.668
la-petite-plage,Wald,land-cover,533895,4395012,0.121
lacleman_gland_kubela,Siedl,land-cover,208691,3728437,0.056
lacleman_gland_kubela,Wald,land-cover,1323621,3728437,0.355
lacleman_gland_lecoanets,Siedl,land-cover,201082,3715489,0.054
lacleman_gland_lecoanets,Wald,land-cover,1321662,3715489,0.356
lacleman_vidy_santie,Siedl,land-cover,4156898,4511057,0.921
lacleman_vidy_santie,Wald,land-cover,157389,4511057,0.035
le-pierrier,Reben,land-cover,129876,3228561,0.04
le-pierrier,Siedl,land-cover,3001515,3228561,0.93
le-port,Siedl,land-cover,3494505,3511620,0.995
lido,Siedl,land-cover,3874061,3989994,0.971
lido,Wald,land-cover,883,3989994,0.0
ligerz-strand,Reben,land-cover,772951,4050404,0.191
ligerz-strand,Siedl,land-cover,563320,4050404,0.139
ligerz-strand,Wald,land-cover,1241074,4050404,0.306
linth_mollis,Siedl,land-cover,997292,6336436,0.157
linth_mollis,Wald,land-cover,1539652,6336436,0.243
linth_route9brucke,Siedl,land-cover,787736,4464151,0.176
linth_route9brucke,Wald,land-cover,2140765,4464151,0.48
linthdammweg,Siedl,land-cover,942467,6544737,0.144
linthdammweg,Wald,land-cover,1513497,6544737,0.231
lugano-centro,Siedl,land-cover,5077503,5213574,0.974
luscherz-plage,Obstanlage,land-cover,478126,3416622,0.14
luscherz-plage,Siedl,land-cover,569456,3416622,0.167
luscherz-plage,Wald,land-cover,1898704,3416622,0.556
luscherz-two,Obstanlage,land-cover,478126,3710879,0.129
luscherz-two,Siedl,land-cover,558084,3710879,0.15
luscherz-two,Wald,land-cover,2155280,3710879,0.581
magadino-lido,Siedl,land-cover,993094,4429136,0.224
magadino-lido,Wald,land-cover,1853347,4429136,0.418
maladaire,Reben,land-cover,669572,4335870,0.154
maladaire,Siedl,land-cover,3607928,4335870,0.832
mannewil,Siedl,land-cover,218026,6574672,0.033
mannewil,Wald,land-cover,3085740,6574672,0.469
mols-rocks,Siedl,land-cover,594037,4317819,0.138
mols-rocks,Wald,land-cover,1869138,4317819,0.433
morgins,Siedl,land-cover,1387490,7060892,0.197
morgins,Wald,land-cover,4058565,7060892,0.575
muhlehorn-dorf,Siedl,land-cover,181484,3825716,0.047
muhlehorn-dorf,Wald,land-cover,1639660,3825716,0.429
mullermatte,Siedl,land-cover,2783705,5691237,0.489
mullermatte,Wald,land-cover,2161999,5691237,0.38
murg-bad,Siedl,land-cover,320806,3131226,0.102
murg-bad,Wald,land-cover,1268127,3131226,0.405
nendaz,Siedl,land-cover,168507,7044328,0.024
nendaz,Wald,land-cover,3526193,7044328,0.501
neuenburgersee_cudrefin_mattera,Siedl,land-cover,1080349,3939448,0.274
neuenburgersee_cudrefin_mattera,Wald,land-cover,399406,3939448,0.101
nidau-strand,Siedl,land-cover,3883930,5439853,0.714
nidau-strand,Wald,land-cover,767344,5439853,0.141
nouvelle-plage,Siedl,land-cover,1743749,3456186,0.505
nouvelle-plage,Wald,land-cover,379991,3456186,0.11
oben-am-see,Siedl,land-cover,1420995,5308529,0.268
oben-am-see,Wald,land-cover,1434869,5308529,0.27
oberi-chlihochstetten,Siedl,land-cover,1084516,6992408,0.155
oberi-chlihochstetten,Wald,land-cover,1281075,6992408,0.183
ognonnaz-1,Reben,land-cover,293497,6053526,0.048
ognonnaz-1,Siedl,land-cover,5059085,6053526,0.836
oyonne,Reben,land-cover,46755,4476280,0.01
oyonne,Siedl,land-cover,4409290,4476280,0.985
pacha-mama-gerra,Siedl,land-cover,698476,3358348,0.208
pacha-mama-gerra,Wald,land-cover,2214660,3358348,0.659
parc-des-pierrettes,Siedl,land-cover,3606885,3832559,0.941
parc-des-pierrettes,Wald,land-cover,157389,3832559,0.041
pecos-plage,Siedl,land-cover,1690089,4832639,0.35
pecos-plage,Wald,land-cover,363417,4832639,0.075
pfafikon-bad,Siedl,land-cover,2182466,3800429,0.574
pfafikon-bad,Wald,land-cover,313875,3800429,0.083
pierrier-sud,Reben,land-cover,105695,3394123,0.031
pierrier-sud,Siedl,land-cover,3161564,3394123,0.931
plage-de-cheyres,Siedl,land-cover,972851,3653175,0.266
plage-de-cheyres,Wald,land-cover,1167804,3653175,0.32
plage-de-dorigny,Siedl,land-cover,4082448,4436608,0.92
plage-de-dorigny,Wald,land-cover,157389,4436608,0.035
plage-de-serriere,Reben,land-cover,22659,4275025,0.005
plage-de-serriere,Siedl,land-cover,3449069,4275025,0.807
plage-de-serriere,Wald,land-cover,626960,4275025,0.147
plage-de-st-sulpice,Siedl,land-cover,3485911,3640047,0.958
plage-de-st-sulpice,Wald,land-cover,118440,3640047,0.033
pointe-dareuse,Obstanlage,land-cover,100000,2619336,0.038
pointe-dareuse,Reben,land-cover,8546,2619336,0.003
pointe-dareuse,Siedl,land-cover,603565,2619336,0.23
pointe-dareuse,Wald,land-cover,252775,2619336,0.097
pont-sous-terre,Siedl,land-cover,5701252,7032838,0.811
pont-sous-terre,Wald,land-cover,247205,7032838,0.035
preverenges,Obstanlage,land-cover,248234,3889946,0.064
preverenges,Reben,land-cover,77888,3889946,0.02
preverenges,Siedl,land-cover,2928477,3889946,0.753
preverenges,Wald,land-cover,203616,3889946,0.052
preverenges-le-sout,Obstanlage,land-cover,239311,3127595,0.077
preverenges-le-sout,Reben,land-cover,77888,3127595,0.025
preverenges-le-sout,Siedl,land-cover,2400411,3127595,0.767
preverenges-le-sout,Wald,land-cover,258076,3127595,0.083
quai-maria-belgia,Reben,land-cover,48708,3102130,0.016
quai-maria-belgia,Siedl,land-cover,3035140,3102130,0.978
rastplatz-stampf,Obstanlage,land-cover,109699,2316821,0.047
rastplatz-stampf,Siedl,land-cover,1504024,2316821,0.649
reuss,Siedl,land-cover,892215,6601567,0.135
reuss,Wald,land-cover,1912893,6601567,0.29
reuss_stkarli_linigersimhofy,Siedl,land-cover,3962572,7009371,0.565
reuss_stkarli_linigersimhofy,Wald,land-cover,1185690,7009371,0.169
rivapiana,Siedl,land-cover,3831662,3951436,0.97
rivapiana,Wald,land-cover,101917,3951436,0.026
rocky-plage,Siedl,land-cover,4049719,4400495,0.92
rolle-plage,Reben,land-cover,1274299,4077320,0.313
rolle-plage,Siedl,land-cover,2525650,4077320,0.619
route-13,Reben,land-cover,153266,7058161,0.022
route-13,Siedl,land-cover,5454228,7058161,0.773
route-13,Wald,land-cover,358184,7058161,0.051
ruisseau-de-la-croix-plage,Siedl,land-cover,860340,3520791,0.244
ruisseau-de-la-croix-plage,Wald,land-cover,1257670,3520791,0.357
saint-sulpice,Obstanlage,land-cover,180608,3334013,0.054
saint-sulpice,Reben,land-cover,77888,3334013,0.023
saint-sulpice,Siedl,land-cover,2689340,3334013,0.807
saint-sulpice,Wald,land-cover,294570,3334013,0.088
san-bernardino,Siedl,land-cover,111763,6777889,0.016
san-bernardino,Wald,land-cover,4082216,6777889,0.602
san-nazzaro-gambarogno,Siedl,land-cover,1574094,3804616,0.414
san-nazzaro-gambarogno,Wald,land-cover,1995424,3804616,0.524
schmerikon-bahnhof-strand,Siedl,land-cover,1198220,5632488,0.213
schmerikon-bahnhof-strand,Wald,land-cover,1260963,5632488,0.224
seeflechsen,Siedl,land-cover,1090240,5511029,0.198
seeflechsen,Wald,land-cover,1716229,5511029,0.311
seemuhlestrasse-strand,Siedl,land-cover,1304546,4730030,0.276
seemuhlestrasse-strand,Wald,land-cover,1832909,4730030,0.388
seez,Siedl,land-cover,1477482,5011621,0.295
seez,Wald,land-cover,1568342,5011621,0.313
seez_spennwiesenbrucke,Siedl,land-cover,1496756,6541117,0.229
seez_spennwiesenbrucke,Wald,land-cover,1567048,6541117,0.24
sempachersee_sempach_tampec,Siedl,land-cover,1391310,4568035,0.305
sempachersee_sempach_tampec,Wald,land-cover,136366,4568035,0.03
sentiero-giro-del-golf-spiaggia,Reben,land-cover,115551,2643656,0.044
sentiero-giro-del-golf-spiaggia,Siedl,land-cover,1058115,2643656,0.4
signalpain,Siedl,land-cover,3405948,4481126,0.76
signalpain,Wald,land-cover,488593,4481126,0.109
sihl_zuerich_scherfs,Siedl,land-cover,5831561,6807587,0.857
sihl_zurich_himmelhebern,Siedl,land-cover,3100358,7053838,0.44
sihl_zurich_himmelhebern,Wald,land-cover,2188290,7053838,0.31
sitter_stgallen_jennya,Obstanlage,land-cover,22537,6940928,0.003
sitter_stgallen_jennya,Siedl,land-cover,3554672,6940928,0.512
sitter_stgallen_jennya,Wald,land-cover,835296,6940928,0.12
spiaggia-parco-ciani,Siedl,land-cover,4096317,4211368,0.973
strandbeiz,Obstanlage,land-cover,109699,2511663,0.044
strandbeiz,Siedl,land-cover,1714219,2511663,0.683
strandboden-biel,Siedl,land-cover,3533044,5864928,0.602
strandboden-biel,Wald,land-cover,1659605,5864928,0.283
sundbach-strand,Siedl,land-cover,624172,3947244,0.158
sundbach-strand,Wald,land-cover,2112303,3947244,0.535
thun-strandbad,Siedl,land-cover,4326376,4343057,0.996
thunersee_spiez_meierd_1,Siedl,land-cover,946284,3166434,0.299
thunersee_spiez_meierd_1,Wald,land-cover,671571,3166434,0.212
tiger-duck-beach,Siedl,land-cover,4113639,4467799,0.921
tiger-duck-beach,Wald,land-cover,157389,4467799,0.035
tolochenaz,Obstanlage,land-cover,443198,3841125,0.115
tolochenaz,Reben,land-cover,95835,3841125,0.025
tolochenaz,Siedl,land-cover,2086792,3841125,0.543
tolochenaz,Wald,land-cover,118922,3841125,0.031
tschilljus,Reben,land-cover,1899773,7019326,0.271
tschilljus,Siedl,land-cover,963323,7019326,0.137
tschilljus,Wald,land-cover,2966653,7019326,0.423
unterdsee_ermatingen_brunkem,Reben,land-cover,104773,4677451,0.022
unterdsee_ermatingen_brunkem,Siedl,land-cover,1565191,4677451,0.335
unterdsee_ermatingen_brunkem,Wald,land-cover,258200,4677451,0.055
untertenzen,Siedl,land-cover,816008,3436553,0.237
untertenzen,Wald,land-cover,506598,3436553,0.147
versoix,Obstanlage,land-cover,38795,3730114,0.01
versoix,Siedl,land-cover,3045943,3730114,0.817
versoix,Wald,land-cover,120155,3730114,0.032
veveyse,Reben,land-cover,83954,3126368,0.027
veveyse,Siedl,land-cover,2995371,3126368,0.958
vidy,Siedl,land-cover,3565388,3683398,0.968
vidy,Wald,land-cover,100822,3683398,0.027
vidy-ruines,Siedl,land-cover,3828791,4022452,0.952
vidy-ruines,Wald,land-cover,105983,4022452,0.026
vierwaldstattersee_weggis_schoberls_1,Obstanlage,land-cover,272919,4060624,0.067
vierwaldstattersee_weggis_schoberls_1,Siedl,land-cover,934002,4060624,0.23
vierwaldstattersee_weggis_schoberls_1,Wald,land-cover,268216,4060624,0.066
vierwaldstattersee_weggis_schoberls_2,Obstanlage,land-cover,272919,3967598,0.069
vierwaldstattersee_weggis_schoberls_2,Siedl,land-cover,920021,3967598,0.232
vierwaldstattersee_weggis_schoberls_2,Wald,land-cover,270792,3967598,0.068
vierwaldstattersee_weggis_schoberls_3,Siedl,land-cover,1074630,2926722,0.367
vierwaldstattersee_weggis_schoberls_3,Wald,land-cover,266570,2926722,0.091
villa-barton,Siedl,land-cover,3404034,3423779,0.994
villars,Siedl,land-cover,6324,6986101,0.001
villars,Wald,land-cover,1399693,6986101,0.2
vira-gambarogno,Siedl,land-cover,1066576,3816571,0.279
vira-gambarogno,Wald,land-cover,1940413,3816571,0.508
vira-spiaggia-left-of-river,Siedl,land-cover,1065162,3922974,0.272
vira-spiaggia-left-of-river,Wald,land-cover,2038923,3922974,0.52
walensee_walenstadt_wysse,Siedl,land-cover,1459477,4896449,0.298
walensee_walenstadt_wysse,Wald,land-cover,1665303,4896449,0.34
weissenau-neuhaus,Siedl,land-cover,172702,3707593,0.047
weissenau-neuhaus,Wald,land-cover,1001684,3707593,0.27
wycheley,Siedl,land-cover,939410,5425461,0.173
wycheley,Wald,land-cover,1921474,5425461,0.354
zuerichsee_maennedorf_vanderkaadene,Siedl,land-cover,3446554,3964841,0.869
zuerichsee_maennedorf_vanderkaadene,Wald,land-cover,2509,3964841,0.001
zuerichsee_richterswil_benkoem_2,Siedl,land-cover,2111292,3364094,0.628
zuerichsee_richterswil_benkoem_2,Wald,land-cover,434524,3364094,0.129
zuerichsee_staefa_hennm,Reben,land-cover,279643,3683138,0.076
zuerichsee_staefa_hennm,Siedl,land-cover,1102286,3683138,0.299
zuerichsee_staefa_hennm,Wald,land-cover,376859,3683138,0.102
zuerichsee_waedenswil_colomboc_1,Obstanlage,land-cover,89293,3946246,0.023
zuerichsee_waedenswil_colomboc_1,Siedl,land-cover,2367382,3946246,0.6
zuerichsee_waedenswil_colomboc_1,Wald,land-cover,434524,3946246,0.11
zuerichsee_zurich_kullg,Siedl,land-cover,3656322,3750060,0.975
zuerichsee_zurich_kullg,Wald,land-cover,76795,3750060,0.02
zugersee_immensee_guedesd,Obstanlage,land-cover,274191,2934687,0.093
zugersee_immensee_guedesd,Siedl,land-cover,201425,2934687,0.069
zugersee_immensee_guedesd,Wald,land-cover,1630549,2934687,0.556
zugerseecholler_cham_blarerm,Siedl,land-cover,2127222,3439487,0.618
zurcher-strand,Siedl,land-cover,4824607,5861863,0.823
zurichsee-feldeggstr-banningersand,Siedl,land-cover,4369452,4885814,0.894
zurichsee-feldeggstr-banningersand,Wald,land-cover,8052,4885814,0.002
zurichsee_kusnachterhorn_thirkell-whitej,Siedl,land-cover,2934317,3238234,0.906
zurichsee_kusnachterhorn_thirkell-whitej,Wald,land-cover,180455,3238234,0.056
zurichsee_wollishofen_langendorfm,Siedl,land-cover,3517565,4266194,0.825
zurichsee_wollishofen_langendorfm,Wald,land-cover,6425,4266194,0.002
